buffersize,write/read_count,write_time_start,write_time_end,read_time_start, read_time_end
1024,2097152,84509.378933,84661.647497,84773.002939,84773.119372
2048,1048576,84841.452665,84918.515992,84972.963781,84973.034386
4096,524288,85077.559954,85134.515009,85159.409422,85159.452660
32768,65536,
65536,32768,
131072,16384,
524288,4096,
1048576,2048,
